id,timestamp,latency_ms
2,1743557481.8927932,1.931
3,1743557481.995688,1.652
4,1743557482.1029549,1.393
5,1743557482.2038426,1.41
6,1743557482.3057761,1.005
7,1743557482.4066176,1.135
8,1743557482.5075233,0.965
9,1743557482.6090913,1.086
10,1743557482.710973,1.667
11,1743557482.811579,1.196
12,1743557482.9144268,1.268
13,1743557483.0160935,1.566
14,1743557483.1191137,1.292
15,1743557483.225832,1.209
16,1743557483.3329105,1.536
17,1743557483.4362576,1.158
18,1743557483.5403047,1.407
19,1743557483.6421475,1.294
20,1743557483.7457607,1.245
21,1743557483.8496478,1.334
22,1743557483.9532826,1.093
23,1743557484.0569122,1.024
24,1743557484.1608794,1.194
25,1743557484.265205,1.302
26,1743557484.369452,1.662
27,1743557484.4724774,2.051
28,1743557484.5773416,2.197
29,1743557484.6780303,1.338
30,1743557484.781679,1.377
31,1743557484.885684,1.133
32,1743557484.217528,1.898
33,1743557484.321207,1.529
34,1743557484.4251137,1.292
35,1743557483.4532573,1.215
36,1743557483.557285,1.644
37,1743557483.6618736,2.794
38,1743557483.76519,1.949
39,1743557483.8657854,1.263
40,1743557483.9694219,1.869
41,1743557484.0725608,1.173
42,1743557484.1763244,1.186
43,1743557484.2782538,1.179
44,1743557484.3822513,1.081
45,1743557484.4859612,1.125
46,1743557484.5902326,1.598
47,1743557484.6936724,1.323
48,1743557484.7973864,1.19
49,1743557484.9004393,1.26
50,1743557485.0030634,1.149
51,1743557485.1043036,1.332
52,1743557485.2081494,1.171
53,1743557485.3125217,1.353
54,1743557485.4161165,2.395
55,1743557485.5198772,1.729
56,1743557485.6225727,1.14
57,1743557485.7259538,1.032
58,1743557485.8311298,1.981
59,1743557485.9349406,1.739
60,1743557486.0373182,1.699
61,1743557486.141785,1.707
62,1743557486.2459738,1.854
63,1743557486.350919,2.627
64,1743557486.4554577,1.628
65,1743557486.5578406,1.5
66,1743557486.6626842,1.91
67,1743557486.7665224,1.25
68,1743557486.8704405,1.584
69,1743557486.9746056,1.877
70,1743557487.0770884,1.76
71,1743557487.181405,1.151
72,1743557487.2857995,1.818
73,1743557487.3900025,1.573
74,1743557487.4937975,1.592
75,1743557487.5958076,1.896
76,1743557487.6997712,1.554
77,1743557487.8036332,1.569
78,1743557487.9076798,1.532
79,1743557488.0103874,1.328
80,1743557488.1130989,1.846
81,1743557488.2177668,2.47
82,1743557488.3214195,1.798
83,1743557488.4245405,1.115
84,1743557488.52835,1.178
85,1743557488.6333673,1.128
86,1743557488.7372785,1.318
87,1743557488.8393345,1.105
88,1743557488.9429116,1.107
89,1743557489.046805,1.269
90,1743557489.1489072,1.614
91,1743557489.2534063,1.419
92,1743557489.357423,1.665
93,1743557489.4613912,1.484
94,1743557489.5649228,1.191
95,1743557489.6691778,1.536
96,1743557489.7737176,1.822
97,1743557489.8784702,2.427
98,1743557489.98223,1.731
99,1743557490.0868611,2.003
100,1743557490.1885772,1.786
101,1743557490.2925901,1.615
102,1743557490.3968053,1.908
103,1743557490.5011144,1.74
104,1743557490.605393,1.98
105,1743557490.709606,1.855
106,1743557490.813498,1.376
107,1743557490.9184191,2.254
108,1743557491.0224373,1.586
109,1743557491.1269443,1.935
110,1743557491.2287982,1.735
111,1743557491.3330941,1.474
112,1743557491.4371748,1.308
113,1743557491.5428283,1.831
114,1743557491.6475165,1.688
115,1743557491.7536135,2.119
116,1743557491.8576274,1.297
117,1743557491.9625828,1.321
118,1743557492.0672588,1.42
119,1743557492.1728325,2.036
120,1743557492.2750833,1.446
121,1743557492.3802736,1.766
122,1743557492.4850824,1.912
123,1743557492.5891976,1.093
124,1743557492.6934242,1.212
125,1743557492.7981217,1.375
126,1743557492.9034977,1.75
127,1743557493.0079737,1.22
128,1743557493.113444,1.701
129,1743557493.2174857,1.116
130,1743557493.3204234,1.268
131,1743557493.4250515,1.583
132,1743557493.5303392,1.894
133,1743557493.6354353,2.367
134,1743557493.7399235,1.23
135,1743557493.8452568,2.006
136,1743557493.9461205,1.467
137,1743557494.0510726,2.024
138,1743557494.1554496,1.654
139,1743557494.261193,2.177
140,1743557494.3643355,1.955
141,1743557494.4684815,1.15
142,1743557494.5734339,1.245
143,1743557494.67883,1.979
144,1743557494.7842455,1.854
145,1743557494.8886852,1.296
146,1743557494.9924054,1.383
147,1743557495.097127,1.309
148,1743557495.202114,1.14
149,1743557495.307103,1.421
150,1743557495.410547,1.247
151,1743557495.5148187,1.229
152,1743557495.6192756,1.132
153,1743557495.7232199,1.304
154,1743557495.8277032,1.266
155,1743557495.9328341,1.341
156,1743557496.0361114,1.229
157,1743557496.1418672,1.951
158,1743557496.2458851,1.299
159,1743557496.351976,2.146
160,1743557496.4553556,1.45
161,1743557496.5604413,1.674
162,1743557496.6647086,1.3
163,1743557496.7692451,1.277
164,1743557496.8736796,1.423
165,1743557496.9784353,1.533
166,1743557497.0826542,1.316
167,1743557497.1864002,1.22
168,1743557497.2913373,1.4
169,1743557497.3956275,1.178
170,1743557497.5000265,1.399
171,1743557497.6043594,1.45
172,1743557497.7056851,1.616
173,1743557497.8078105,1.446
174,1743557497.9135168,1.852
175,1743557498.0187087,2.013
176,1743557498.1228268,1.326
177,1743557498.2282066,2.108
178,1743557498.3335056,1.9
179,1743557498.4388316,2.226
180,1743557498.543706,2.031
181,1743557498.6494672,2.684
182,1743557498.7535465,1.401
183,1743557498.8585389,1.413
184,1743557498.9643843,2.071
185,1743557499.0664294,1.987
186,1743557499.1710443,1.9
187,1743557499.2766452,2.062
188,1743557499.3816636,2.101
189,1743557499.486739,2.239
190,1743557499.5914853,1.31
191,1743557499.6960223,1.443
192,1743557499.8006883,1.111
193,1743557499.9054115,1.369
194,1743557500.0103652,1.458
195,1743557500.1151855,1.99
196,1743557500.2193515,1.632
197,1743557500.3236988,1.342
198,1743557500.4295743,2.303
199,1743557500.5348487,1.844
200,1743557500.6410542,2.68
201,1743557500.7446914,1.576
202,1743557500.8501108,2.231
203,1743557500.954324,1.866
204,1743557501.0562966,1.932
205,1743557501.157905,1.835
206,1743557501.2621546,1.49
207,1743557501.3630605,1.434
208,1743557501.463709,1.302
209,1743557501.5684156,1.38
210,1743557501.6736326,1.685
211,1743557501.7794137,2.305
212,1743557501.8834233,1.354
213,1743557501.9883642,1.422
214,1743557502.0931256,1.13
215,1743557502.1955197,1.095
216,1743557502.299969,1.464
217,1743557502.4054294,2.244
218,1743557502.5096695,1.153
219,1743557502.6153998,2.37
220,1743557502.720917,2.334
221,1743557502.8260033,2.161
222,1743557502.9310308,2.048
223,1743557503.034989,1.465
224,1743557503.1396306,1.432
225,1743557503.244484,1.682
226,1743557503.3496282,2.192
227,1743557503.4546642,1.882
228,1743557503.5600033,2.097
229,1743557503.6644046,1.754
230,1743557503.76647,1.812
231,1743557503.8710208,1.472
232,1743557503.9750004,1.26
233,1743557504.0805912,1.732
234,1743557504.185514,1.844
235,1743557504.288456,1.16
236,1743557504.3928425,1.158
237,1743557504.4981096,1.946
238,1743557504.5990314,1.719
239,1743557504.7006538,1.528
240,1743557504.8029873,1.893
241,1743557504.90783,1.618
242,1743557505.0130093,1.665
243,1743557505.1172428,1.389
244,1743557505.221666,2.329
245,1743557505.325506,1.487
246,1743557505.4298756,1.408
247,1743557505.5347593,1.795
248,1743557505.639179,1.439
249,1743557505.7434955,1.351
250,1743557505.8484857,1.408
251,1743557505.949821,1.231
252,1743557506.050503,1.023
253,1743557506.151886,1.526
254,1743557506.2563894,1.296
255,1743557506.3611033,1.204
256,1743557506.465616,1.276
257,1743557506.5666223,1.037
258,1743557506.6718352,1.482
259,1743557506.7761521,1.233
260,1743557506.8814573,1.373
261,1743557506.9857264,1.25
262,1743557507.0889354,1.837
263,1743557507.1923084,1.478
264,1743557507.2964265,1.23
265,1743557507.401165,1.145
266,1743557507.5056453,1.244
267,1743557507.6107192,1.421
268,1743557507.714865,1.16
269,1743557507.8169773,1.249
270,1743557507.9218867,1.175
271,1743557508.0226114,1.033
272,1743557508.126268,1.085
273,1743557508.2306955,1.264
274,1743557508.3316174,1.149
275,1743557508.436807,2.23
276,1743557508.5408053,1.794
277,1743557508.645115,1.881
278,1743557508.7496257,2.123
279,1743557508.8538232,1.509
280,1743557508.957793,1.376
281,1743557509.0619817,1.165
282,1743557509.1633415,1.052
283,1743557509.2679775,1.627
284,1743557509.373568,2.361
285,1743557509.4751089,1.883
286,1743557509.5768774,1.685
287,1743557509.680757,1.213
288,1743557509.7845504,1.166
289,1743557509.8891027,1.357
290,1743557509.9908254,1.235
291,1743557510.0917473,1.369
292,1743557510.1944108,1.166
293,1743557510.2986112,1.316
294,1743557510.3999236,1.152
295,1743557510.5038013,1.16
296,1743557510.6046925,1.085
297,1743557510.7086232,1.089
298,1743557510.812951,1.093
299,1743557510.916967,1.161
300,1743557511.0208964,1.327
301,1743557511.1241148,1.973
302,1743557511.2244513,1.118
303,1743557511.329321,1.954
304,1743557511.4329176,1.144
305,1743557511.5372567,1.434
306,1743557511.6399322,1.623
307,1743557511.744523,2.173
308,1743557511.8475046,1.841
309,1743557511.9512098,1.085
310,1743557512.055295,1.675
311,1743557512.1576607,1.938
312,1743557512.2617354,1.442
313,1743557512.3656855,1.35
314,1743557512.46983,1.377
315,1743557512.5752928,2.586
316,1743557512.6789339,1.586
317,1743557512.784364,2.455
318,1743557512.8883853,1.925
319,1743557512.9927318,1.563
320,1743557512.3051794,2.204
321,1743557512.4079313,2.0
322,1743557512.5117471,1.356
323,1743557512.615714,1.302
324,1743557512.7199829,1.341
325,1743557511.6774635,1.056
326,1743557511.7792768,1.45
327,1743557511.8796782,1.123
328,1743557511.98376,1.356
329,1743557512.088377,1.564
330,1743557512.190756,1.128
331,1743557512.2955213,1.709
332,1743557512.3995633,1.322
333,1743557512.5036404,1.518
334,1743557512.6077304,1.358
335,1743557512.7116885,1.255
336,1743557512.8166862,1.928
337,1743557512.9182773,1.319
338,1743557513.022495,1.302
339,1743557513.1279538,2.238
340,1743557513.2302458,1.614
341,1743557513.3344245,2.238
342,1743557513.4385173,1.841
343,1743557513.5423496,1.584
344,1743557513.6482003,2.712
345,1743557513.7520328,2.026
346,1743557513.8553603,1.24
347,1743557513.959842,1.34
348,1743557514.06354,1.849
349,1743557514.1664195,1.204
350,1743557514.2690663,1.259
351,1743557514.373563,1.745
352,1743557514.4793332,2.677
353,1743557514.5829754,1.781
354,1743557514.6877778,2.113
355,1743557514.7920969,2.149
356,1743557514.8957756,1.552
357,1743557515.0003614,1.52
358,1743557515.10454,1.441
359,1743557515.2093349,1.811
360,1743557515.3108513,1.602
361,1743557515.41661,2.695
362,1743557515.5203924,1.546
363,1743557515.625078,1.953
364,1743557515.7297554,2.09
365,1743557515.8333018,1.554
366,1743557515.937004,1.271
367,1743557516.038861,1.527
368,1743557516.1416097,1.366
369,1743557516.2453592,1.163
370,1743557516.3479412,1.285
371,1743557516.451935,1.468
372,1743557516.5561163,1.328
373,1743557516.6604242,1.153
374,1743557516.764978,1.728
375,1743557516.8688967,1.254
376,1743557516.9733555,2.29
377,1743557517.0780902,2.174
378,1743557517.1824055,1.95
379,1743557517.2863576,1.281
380,1743557517.3889582,1.171
381,1743557517.493913,2.144
382,1743557517.5976124,1.304
383,1743557517.7020178,1.875
384,1743557517.8067713,2.394
385,1743557517.908257,1.821
386,1743557518.0114796,1.166
387,1743557518.1127706,1.472
388,1743557518.2175052,1.976
389,1743557518.3225882,2.706
390,1743557518.4253464,2.296
391,1743557518.5292344,1.369
392,1743557518.6343021,2.194
393,1743557518.738024,1.402
394,1743557518.8423634,1.448
395,1743557518.9465878,1.273
396,1743557519.0504816,1.417
397,1743557519.1548848,1.56
398,1743557519.2590857,1.389
399,1743557519.363533,1.919
400,1743557519.4654818,1.348
401,1743557519.5705671,1.873
402,1743557519.674002,1.064
403,1743557519.7787073,1.545
404,1743557519.8825247,1.401
405,1743557519.9876027,2.042
406,1743557520.0917618,1.93
407,1743557520.1953795,1.302
408,1743557520.2996445,1.241
409,1743557520.404242,1.739
410,1743557520.506359,1.244
411,1743557520.6098359,1.051
412,1743557520.7138638,1.116
413,1743557520.8180542,1.15
414,1743557520.9194276,1.381
415,1743557521.0237207,1.64
416,1743557521.1289825,2.244
417,1743557521.2327585,1.91
418,1743557521.3364632,1.211
419,1743557521.440251,1.221
420,1743557521.5438716,2.227
421,1743557521.6513968,1.472
422,1743557521.766883,2.017
423,1743557521.8709457,1.331
424,1743557521.9744298,1.395
425,1743557522.0783057,2.379
426,1743557522.1806777,2.679
427,1743557522.2844157,1.77
428,1743557522.3882253,1.145
429,1743557522.4921577,1.221
430,1743557522.596465,1.422
431,1743557522.6990888,1.265
432,1743557522.8034651,1.587
433,1743557522.907472,1.216
434,1743557523.011238,1.086
435,1743557523.115439,1.264
436,1743557523.2165496,1.085
437,1743557523.3201156,1.046
438,1743557523.424276,1.261
439,1743557523.5287917,1.413
440,1743557523.6325912,1.177
441,1743557523.7367082,1.18
442,1743557523.8407195,1.291
443,1743557523.9418254,1.077
444,1743557524.044701,1.292
445,1743557524.1490314,1.285
446,1743557524.252724,1.125
447,1743557524.3570898,1.328
448,1743557524.4611275,1.517
449,1743557524.5650358,1.266
450,1743557524.666938,1.267
451,1743557524.7713892,1.635
452,1743557524.875666,1.647
453,1743557524.98027,1.521
454,1743557525.0840008,1.13
455,1743557525.1885455,1.328
456,1743557525.2923107,1.129
457,1743557525.3958738,1.548
458,1743557525.5012982,2.25
459,1743557525.6065888,2.724
460,1743557525.7081094,1.818
461,1743557525.8116941,1.497
462,1743557525.9161825,1.479
463,1743557526.0205226,1.184
464,1743557526.1213117,1.227
465,1743557526.2264793,1.888
466,1743557526.330517,1.439
467,1743557526.4359584,2.322
468,1743557526.5394003,1.137
469,1743557526.645698,3.2
470,1743557526.7460234,1.198
471,1743557526.8516717,2.254
472,1743557526.9563665,2.308
473,1743557527.0616431,2.516
474,1743557527.1653743,1.777
475,1743557527.2707906,2.343
476,1743557527.3721235,1.667
477,1743557527.4759803,1.196
478,1743557527.5805454,1.341
479,1743557527.6848009,1.538
480,1743557527.7871478,1.712
481,1743557527.891005,1.952
482,1743557527.9947193,1.692
483,1743557528.0998461,2.285
484,1743557528.2033582,1.342
485,1743557528.3084986,1.998
486,1743557528.4118428,1.29
487,1743557528.5166185,1.683
488,1743557528.6201794,1.356
489,1743557528.7241395,1.33
490,1743557528.825829,1.183
491,1743557528.9302285,1.199
492,1743557529.03307,1.423
493,1743557529.1375484,1.44
494,1743557529.2417288,1.542
495,1743557529.3458633,1.411
496,1743557529.4503274,1.382
497,1743557529.5543334,1.295
498,1743557529.658622,1.118
499,1743557529.7643266,2.707
500,1743557529.8667185,2.447
501,1743557529.9706857,1.56
502,1743557530.0756655,2.12
503,1743557530.1788206,1.242
504,1743557530.2834363,1.894
505,1743557530.3870494,1.045
506,1743557530.492308,2.437
507,1743557530.5964189,1.947
508,1743557530.70088,1.845
509,1743557530.8050022,1.544
510,1743557530.906695,1.191
511,1743557531.008545,1.805
512,1743557531.1125681,1.474
513,1743557531.2169735,1.6
514,1743557531.320825,1.48
515,1743557531.424206,1.87
516,1743557531.5283175,1.592
517,1743557531.6332974,1.93
518,1743557531.7384079,2.385
519,1743557531.8417478,1.362
520,1743557531.9436798,1.582
521,1743557532.0492127,2.496
522,1743557532.151007,1.665
523,1743557532.2556,1.897
524,1743557532.3595123,1.343
525,1743557532.4645472,1.952
526,1743557532.568735,1.38
527,1743557532.6712737,1.756
528,1743557532.775774,1.94
529,1743557532.8817194,2.849
530,1743557532.9824932,1.348
531,1743557533.0862467,1.386
532,1743557533.19053,1.148
533,1743557533.2946823,1.224
534,1743557533.3992078,1.403
535,1743557533.5032043,1.292
536,1743557533.604514,1.561
537,1743557533.7084076,1.107
538,1743557533.8126125,1.383
539,1743557533.9168682,1.384
540,1743557534.0192077,1.923
541,1743557534.124036,2.136
542,1743557534.2287593,1.892
543,1743557534.3333158,1.925
544,1743557534.437276,1.342
545,1743557534.5425837,2.389
546,1743557534.6465807,1.859
547,1743557534.7508633,1.262
548,1743557534.8567383,2.817
549,1743557534.9606924,1.763
550,1743557535.064353,2.722
551,1743557535.1693501,2.602
552,1743557535.2736273,2.021
553,1743557535.3782303,1.781
554,1743557535.481779,1.152
555,1743557535.5862548,1.514
556,1743557535.6906724,1.384
557,1743557535.7958086,1.977
558,1743557535.8995373,1.097
559,1743557536.0047202,2.101
560,1743557536.1073797,1.897
561,1743557536.210884,1.091
562,1743557536.3159578,1.977
563,1743557536.4208286,2.102
564,1743557536.5251493,1.966
565,1743557536.6302395,2.106
566,1743557536.7340543,1.604
567,1743557536.8386633,1.756
568,1743557536.9427817,1.683
569,1743557537.0440576,1.35
570,1743557537.1473398,2.016
571,1743557537.2509987,1.295
572,1743557537.355254,1.382
573,1743557537.4593997,1.387
574,1743557537.563241,1.274
575,1743557537.6676142,1.359
576,1743557537.7713354,1.124
577,1743557537.8758674,1.461
578,1743557537.9802265,1.35
579,1743557538.0841188,1.218
580,1743557538.1866848,1.275
581,1743557538.290629,1.362
582,1743557538.3947418,1.245
583,1743557538.4990947,1.137
584,1743557538.6029866,1.119
585,1743557538.7070599,1.067
586,1743557538.8109107,1.127
587,1743557538.916394,2.2
588,1743557539.0209184,1.913
589,1743557539.1215768,1.417
590,1743557539.222399,1.352
591,1743557539.324775,1.328
592,1743557539.429638,1.811
593,1743557539.5338826,1.73
594,1743557539.6383843,1.767
595,1743557539.7433016,2.189
596,1743557539.8436835,1.111
597,1743557539.949016,2.543
598,1743557540.0532434,2.186
599,1743557540.1568668,1.401
600,1743557540.2605503,1.169
601,1743557540.36448,1.089
602,1743557540.4695947,1.88
603,1743557540.5734625,1.286
604,1743557540.6784046,1.738
605,1743557540.7823217,1.517
606,1743557540.8834295,1.537
607,1743557540.9876747,1.668
608,1743557541.0910683,1.143
609,1743557540.583843,1.252
610,1743557540.688001,1.102
611,1743557539.769241,1.229
612,1743557539.872443,1.177
613,1743557539.9759881,1.17
614,1743557540.0802698,1.198
615,1743557540.1816425,1.127
616,1743557540.2859385,1.43
617,1743557540.3894875,1.265
618,1743557540.4935062,1.36
619,1743557540.5975504,1.138
620,1743557540.7024858,1.645
621,1743557540.8068197,1.738
622,1743557540.9105587,1.067
623,1743557541.0148757,1.518
624,1743557541.118487,0.789
625,1743557541.2231777,1.582
626,1743557541.3275342,1.554
627,1743557541.4314928,1.534
628,1743557541.53592,1.678
629,1743557541.6406517,1.892
630,1743557541.744143,1.26
631,1743557541.8485832,1.276
632,1743557541.9528143,1.561
633,1743557542.0564866,1.176
634,1743557542.1613042,1.768
635,1743557542.2649841,1.268
636,1743557542.3694491,1.374
637,1743557542.4725142,1.052
638,1743557542.5764992,1.045
639,1743557542.6804502,0.904
640,1743557542.7847533,1.497
641,1743557542.888445,0.981
642,1743557542.991901,0.831
643,1743557543.096167,1.124
644,1743557543.2006836,1.402
645,1743557543.3040328,0.814
646,1743557543.4084332,1.136
647,1743557543.5118186,1.334
648,1743557543.6154387,1.108
649,1743557543.7195902,1.096
650,1743557543.823051,0.89
651,1743557543.9268758,0.905
652,1743557544.0310714,0.935
653,1743557544.1347346,0.866
654,1743557544.2387147,0.916
655,1743557544.3422997,0.829
656,1743557544.446191,0.865
657,1743557544.5496886,0.836
658,1743557544.653489,0.881
659,1743557544.7574542,0.87
660,1743557544.8602514,1.111
661,1743557544.9640584,1.122
662,1743557545.068087,1.192
663,1743557545.1720543,0.868
664,1743557545.2760391,0.94
665,1743557545.3804145,1.282
666,1743557545.481591,1.02
667,1743557545.585607,1.512
668,1743557545.6897242,1.172
669,1743557545.7922292,2.058
670,1743557545.8966177,1.819
671,1743557546.0006855,1.416
672,1743557546.1056294,2.267
673,1743557546.2099578,1.562
674,1743557546.3137977,1.296
675,1743557546.418384,1.667
676,1743557546.5225146,2.359
677,1743557546.6267414,2.374
678,1743557546.7285993,1.43
679,1743557546.8305702,2.017
680,1743557546.9338577,1.221
681,1743557547.0387545,1.896
682,1743557547.1436377,2.479
683,1743557547.2486365,2.422
684,1743557547.3529408,1.652
685,1743557547.4568472,1.322
686,1743557547.5601068,1.877
687,1743557547.6636312,1.652
688,1743557547.7684379,2.041
689,1743557547.87019,1.29
690,1743557547.9740887,1.2
691,1743557548.075921,1.2
692,1743557548.1802988,1.33
693,1743557548.2848105,1.832
694,1743557548.3884974,1.006
695,1743557548.492626,1.453
696,1743557548.5973318,1.701
697,1743557548.7014272,1.579
698,1743557548.805744,1.876
699,1743557548.9098883,1.786
700,1743557549.0136907,1.579
701,1743557549.1175783,1.152
702,1743557549.2228224,1.858
703,1743557549.327552,2.069
704,1743557549.4318979,1.629
705,1743557549.5336866,1.586
706,1743557549.638408,1.82
707,1743557549.7428222,2.005
708,1743557549.8437896,1.077
709,1743557549.9499314,2.414
710,1743557550.054092,2.042
711,1743557550.1583555,1.477
712,1743557550.2629147,1.432
713,1743557550.3669465,1.132
714,1743557550.4718616,1.41
715,1743557550.5741835,1.17
716,1743557550.6761334,1.281
717,1743557550.7802572,2.005
718,1743557550.8829343,2.069
719,1743557550.9872851,1.755
720,1743557551.0912666,1.307
721,1743557551.1954768,1.384
722,1743557551.3002214,1.487
723,1743557551.4036005,0.948
724,1743557551.5076435,0.985
725,1743557551.6117356,1.063
726,1743557551.715809,1.127
727,1743557551.8169496,1.161
728,1743557551.920238,1.193
729,1743557552.0243278,1.238
730,1743557552.1287813,1.273
731,1743557552.2333698,1.624
732,1743557552.3382099,1.871
733,1743557552.4425879,1.231
734,1743557552.5465748,1.148
735,1743557552.6513536,1.354
736,1743557552.755737,1.348
737,1743557552.859467,1.276
738,1743557552.9638495,1.519
739,1743557553.0687728,1.923
740,1743557553.1728413,1.162
741,1743557553.2771888,1.291
742,1743557553.3819716,1.32
743,1743557553.486908,1.941
744,1743557553.5901706,2.752
745,1743557553.6945837,2.144
746,1743557553.7982183,1.364
747,1743557553.8995981,1.331
748,1743557554.0035696,1.303
749,1743557554.1079671,1.353
750,1743557554.212931,1.588
751,1743557554.3181436,2.126
752,1743557554.425192,4.156
753,1743557554.5268583,1.434
754,1743557554.6314359,1.866
755,1743557554.7360985,2.146
756,1743557554.839783,2.184
757,1743557554.9433568,1.439
758,1743557555.047813,1.494
759,1743557555.152754,1.571
760,1743557555.2579017,2.19
761,1743557555.3619986,1.419
762,1743557555.4661906,1.318
763,1743557555.571124,1.726
764,1743557555.6752906,1.891
765,1743557555.77958,1.463
766,1743557555.881849,1.897
767,1743557555.9856431,1.207
768,1743557556.0899272,1.107
769,1743557556.1948426,1.785
770,1743557556.2993894,1.802
771,1743557556.4031966,1.443
772,1743557556.5075674,1.37
773,1743557556.6119597,1.194
774,1743557556.7159493,1.168
775,1743557556.8207643,1.263
776,1743557556.9249272,1.286
777,1743557557.02966,1.6
778,1743557557.1334825,1.429
779,1743557557.2379804,1.549
780,1743557557.34219,1.196
781,1743557557.4466393,1.423
782,1743557557.5516667,1.853
783,1743557557.6559463,1.745
784,1743557557.7609625,1.839
785,1743557557.8647778,1.232
786,1743557557.9695687,1.524
787,1743557558.074165,1.694
788,1743557558.1783414,1.381
789,1743557558.2823477,1.332
790,1743557558.386502,1.275
791,1743557558.492275,2.077
792,1743557558.596882,1.729
793,1743557558.7023394,1.966
794,1743557558.8074458,2.358
795,1743557558.9118454,1.828
796,1743557559.01295,1.673
797,1743557559.1179707,2.072
798,1743557559.2238755,2.594
799,1743557559.328264,1.742
800,1743557559.4335284,2.045
801,1743557559.5372007,1.096
802,1743557559.6428447,1.859
803,1743557559.7469454,1.475
804,1743557559.851542,1.435
805,1743557559.9564288,1.952
806,1743557560.0569625,1.132
807,1743557560.161973,1.434
808,1743557560.2677264,2.586
809,1743557560.3718412,1.505
810,1743557560.476635,1.939
811,1743557560.5809462,1.364
812,1743557560.685284,1.485
813,1743557560.7899919,1.206
814,1743557560.894254,1.28
815,1743557560.9991748,1.574
816,1743557561.099946,1.269
817,1743557561.2040036,1.17
818,1743557561.3090625,1.75
819,1743557561.4129179,1.348
820,1743557561.5175736,1.494
821,1743557561.6223598,1.508
822,1743557561.7269409,1.681
823,1743557561.8314462,1.35
824,1743557561.9353552,1.138
825,1743557562.0406055,1.753
826,1743557562.140969,1.107
827,1743557562.2452993,1.297
828,1743557562.3495038,0.951
829,1743557562.4540968,1.556
830,1743557562.560955,3.916
831,1743557562.662566,1.438
832,1743557562.7677643,2.078
833,1743557562.8731973,2.383
834,1743557562.9771574,1.505
835,1743557563.0820427,1.44
836,1743557563.1837988,1.888
837,1743557563.2887328,2.127
838,1743557563.3935163,1.846
839,1743557563.4980276,1.699
840,1743557563.6025636,1.347
841,1743557563.707064,1.292
842,1743557563.812264,1.732
843,1743557563.9170954,1.96
844,1743557564.022289,2.035
845,1743557564.1267266,1.88
846,1743557564.2281675,1.606
847,1743557564.3328612,1.379
848,1743557564.437749,1.615
849,1743557564.5426104,1.741
850,1743557564.646756,1.378
851,1743557564.7529426,2.609
852,1743557564.8567784,1.625
853,1743557564.9618034,1.698
854,1743557565.0662987,1.689
855,1743557565.1707442,1.348
856,1743557565.2723367,1.265
857,1743557565.376859,1.523
858,1743557565.4811206,1.118
859,1743557565.586056,1.714
860,1743557565.6905236,1.554
861,1743557565.7942622,1.391
862,1743557565.8981798,1.074
863,1743557566.0021286,1.32
864,1743557566.1061502,1.402
865,1743557566.2103603,1.18
866,1743557566.3121717,1.384
867,1743557566.4158294,1.123
868,1743557566.5201285,1.26
869,1743557566.6242316,1.381
870,1743557566.7282717,1.223
871,1743557566.8320568,1.244
872,1743557566.9362016,1.345
873,1743557567.040514,1.306
874,1743557567.1448007,1.451
875,1743557567.2495785,1.722
876,1743557567.3515766,1.91
877,1743557567.4563737,2.018
878,1743557567.5608022,1.921
879,1743557567.6648207,1.738
880,1743557567.7685864,1.256
881,1743557567.8726768,1.58
882,1743557567.9768767,1.543
883,1743557568.080899,1.061
884,1743557568.185503,1.626
885,1743557568.2904997,1.976
886,1743557568.3931518,2.416
887,1743557568.496143,1.659
888,1743557568.6016757,2.588
889,1743557568.7054956,1.727
890,1743557568.8096783,1.414
891,1743557568.913792,1.56
892,1743557569.019315,2.718
893,1743557569.1221774,2.174
894,1743557569.2256465,1.54
895,1743557569.3297539,1.189
896,1743557569.4325676,2.444
897,1743557568.7337976,1.062
898,1743557568.835122,1.299
899,1743557568.939295,1.135
900,1743557569.043467,1.297
901,1743557569.147951,1.4
902,1743557569.2523248,1.932
903,1743557569.3561044,1.38
904,1743557568.2547152,1.437
905,1743557568.355306,1.16
906,1743557568.4563894,1.408
907,1743557568.5605748,1.426
908,1743557568.6656754,1.971
909,1743557568.7695105,1.762
910,1743557568.8738797,1.746
911,1743557568.9772458,1.175
912,1743557569.082532,1.911
913,1743557569.1874173,2.191
914,1743557569.2890296,1.328
915,1743557569.3945522,2.411
916,1743557569.496032,2.424
917,1743557569.5995302,1.882
918,1743557569.7034998,1.243
919,1743557569.806615,1.548
920,1743557569.9111114,1.929
921,1743557570.0131178,1.83
922,1743557570.1182356,2.14
923,1743557570.2229812,2.488
924,1743557570.3262575,2.61
925,1743557570.429409,1.271
926,1743557570.5315135,2.218
927,1743557570.6352203,1.297
928,1743557570.739876,1.692
929,1743557570.8438675,1.861
930,1743557570.9488187,1.819
931,1743557571.0536058,1.745
932,1743557571.1578999,1.271
933,1743557571.2619696,1.276
934,1743557571.3656507,1.706
935,1743557571.4707415,2.5
936,1743557571.5711663,1.68
937,1743557571.6755795,1.473
938,1743557571.7793648,1.243
939,1743557571.883089,1.192
940,1743557571.9873552,1.224
941,1743557572.0916293,1.379
942,1743557572.1964288,1.806
943,1743557572.3003244,1.415
944,1743557572.4047024,1.541
945,1743557572.5087347,1.525
946,1743557572.6094346,1.104
947,1743557572.713771,1.218
948,1743557572.815341,1.278
949,1743557572.9195838,1.535
950,1743557573.0249617,2.633
951,1743557573.1286561,1.569
952,1743557573.233191,1.795
953,1743557573.3375072,1.143
954,1743557573.443335,2.666
955,1743557573.5480783,2.322
956,1743557573.6496673,2.409
957,1743557573.7539704,2.061
958,1743557573.8579497,1.331
959,1743557573.962271,1.519
960,1743557574.0671928,1.834
961,1743557574.1714919,1.781
962,1743557574.2755632,1.393
963,1743557574.3766427,1.567
964,1743557574.4809954,1.681
965,1743557574.5853858,1.572
966,1743557574.688042,2.025
967,1743557574.7920427,1.436
968,1743557574.8976853,2.258
969,1743557575.0026608,2.719
970,1743557575.1063724,1.706
971,1743557575.2101486,1.335
972,1743557575.3147914,1.648
973,1743557575.41783,2.711
974,1743557575.5210838,1.379
975,1743557575.6254034,1.44
976,1743557575.7272584,1.366
977,1743557575.8324246,1.945
978,1743557575.9364295,1.335
979,1743557576.0406482,1.404
980,1743557576.1447642,1.211
981,1743557576.2488167,1.331
982,1743557576.3529837,1.398
983,1743557576.4572253,1.257
984,1743557576.5611682,1.211
985,1743557576.665694,1.381
986,1743557576.766899,1.299
987,1743557576.8722749,2.331
988,1743557576.9758198,1.25
989,1743557577.080987,2.018
990,1743557577.1855412,1.913
991,1743557577.2890835,1.365
992,1743557577.3949218,2.845
993,1743557577.498314,1.692
994,1743557577.6026297,1.768
995,1743557577.7072508,1.664
996,1743557577.8088822,2.134
997,1743557577.9136078,2.12
998,1743557578.0185726,2.367
999,1743557578.123082,2.329
